x,y,date,year,month,month_name,station
2.8969586,-2.8482285,2020-01-18,2020,1,Ene,BJU
3.919591,-6.152839,2020-01-19,2020,1,Ene,MER
5.205566,-5.4716964,2020-01-20,2020,1,Ene,UAX
5.719744,-3.0404463,2020-01-21,2020,1,Ene,UAX
3.5171087,-1.7537433,2020-01-22,2020,1,Ene,MER
4.108062,-3.8879104,2020-01-23,2020,1,Ene,MER
4.405802,-1.3380488,2020-02-14,2020,2,Feb,BJU
0.951633,-0.7647169,2020-02-15,2020,2,Feb,BJU
2.3256748,-3.185993,2020-02-16,2020,2,Feb,UAX
2.2488725,-1.9360191,2020-02-17,2020,2,Feb,MER
1.8711356,-0.2870823,2020-02-18,2020,2,Feb,UAX
2.4166107,-0.18331338,2020-02-19,2020,2,Feb,BJU
1.8359442,-3.0037818,2020-02-20,2020,2,Feb,UAX
1.0734082,-4.339253,2020-02-21,2020,2,Feb,BJU
0.26651883,-2.6450584,2020-02-22,2020,2,Feb,MER
-0.27478325,-2.738853,2020-02-23,2020,2,Feb,MER
0.5845078,-2.166255,2020-02-24,2020,2,Feb,MER
1.5614702,-3.5005057,2020-02-25,2020,2,Feb,UAX
1.682984,-2.686449,2020-02-26,2020,2,Feb,BJU
1.7364436,-2.9395835,2020-02-27,2020,2,Feb,UAX
0.3606941,-0.91502607,2020-02-28,2020,2,Feb,UAX
0.36782873,-1.065423,2020-02-29,2020,2,Feb,MER
-0.47639993,-2.195138,2020-03-01,2020,3,Mar,MER
0.539049,-1.6380643,2020-03-02,2020,3,Mar,MER
1.9476893,-3.321281,2020-03-03,2020,3,Mar,UAX
1.2831087,-3.182122,2020-03-04,2020,3,Mar,UAX
0.78247994,-1.4547246,2020-03-05,2020,3,Mar,UAX
2.4695265,-3.029551,2020-03-06,2020,3,Mar,BJU
0.6745248,-2.063383,2020-03-07,2020,3,Mar,MER
0.14219826,-2.8667622,2020-03-08,2020,3,Mar,MER
0.82471836,-1.9779401,2020-03-09,2020,3,Mar,UAX
0.25392753,-2.1911604,2020-03-10,2020,3,Mar,UAX
2.8214638,-1.8458784,2020-03-11,2020,3,Mar,MER
0.19534981,-0.8246291,2020-03-12,2020,3,Mar,MER
0.80925465,-1.3668005,2020-03-13,2020,3,Mar,UAX
0.12276686,-3.4656355,2020-03-14,2020,3,Mar,UAX
0.9640539,-3.781748,2020-03-15,2020,3,Mar,MER
1.6470457,-4.034762,2020-03-16,2020,3,Mar,BJU
0.9048876,-1.4960486,2020-03-17,2020,3,Mar,MER
1.3111973,-1.0047022,2020-03-18,2020,3,Mar,MER
0.3011949,-1.1558197,2020-03-19,2020,3,Mar,MER
0.50274295,-2.6340714,2020-03-20,2020,3,Mar,BJU
0.18594539,-5.1661916,2020-03-21,2020,3,Mar,BJU
0.6859715,-4.324947,2020-03-22,2020,3,Mar,MER
0.20456737,-2.6428018,2020-03-23,2020,3,Mar,MER
0.19032437,-0.6146191,2020-03-24,2020,3,Mar,UAX
-0.5390361,-3.1612344,2020-03-25,2020,3,Mar,BJU
0.060433157,-1.8896912,2020-03-26,2020,3,Mar,MER
1.1303308,-2.7211218,2020-03-27,2020,3,Mar,UAX
-0.1291753,-4.304527,2020-03-28,2020,3,Mar,MER
0.24493074,-4.987306,2020-04-04,2020,4,Abr,BJU
0.12094153,-6.281237,2020-04-05,2020,4,Abr,BJU
0.20893002,-4.353327,2020-04-06,2020,4,Abr,BJU
0.10515297,-4.977844,2020-04-07,2020,4,Abr,MER
-0.18718982,-5.202596,2020-04-08,2020,4,Abr,BJU
-0.49590397,-5.266388,2020-04-09,2020,4,Abr,MER
-0.2909075,-5.7751255,2020-04-10,2020,4,Abr,MER
0.24083042,-5.854708,2020-04-11,2020,4,Abr,MER
0.41378486,-7.036246,2020-04-12,2020,4,Abr,UAX
-0.3866427,-5.0644712,2020-04-13,2020,4,Abr,BJU
-0.37973464,-5.3876786,2020-04-16,2020,4,Abr,BJU
-0.8972623,-4.6063204,2020-04-17,2020,4,Abr,BJU
-0.8750776,-3.7736948,2020-04-18,2020,4,Abr,BJU
-1.1436285,-5.62803,2020-04-19,2020,4,Abr,UAX
-0.60992706,-5.15714,2020-04-20,2020,4,Abr,BJU
-0.2758336,-5.3713923,2020-04-21,2020,4,Abr,BJU
-0.44824708,-5.3591075,2020-04-22,2020,4,Abr,BJU
-0.004562729,-4.020941,2020-04-23,2020,4,Abr,BJU
-0.41459823,-4.9114823,2020-04-24,2020,4,Abr,BJU
-0.098328464,-4.340718,2020-04-25,2020,4,Abr,BJU
-0.14272177,-8.088026,2020-04-26,2020,4,Abr,BJU
-0.579749,-6.8185906,2020-04-27,2020,4,Abr,BJU
0.07022823,-3.9977736,2020-04-28,2020,4,Abr,BJU
0.11449576,-4.5984063,2020-04-29,2020,4,Abr,BJU
-0.6725067,-7.338677,2020-04-30,2020,4,Abr,MER
0.057903774,-4.8872657,2020-05-01,2020,5,May,BJU
-0.085290305,-4.650701,2020-05-02,2020,5,May,MER
-0.29169512,-6.727725,2020-05-03,2020,5,May,MER
-0.043531768,-5.79311,2020-05-04,2020,5,May,UAX
-0.14617991,-6.071662,2020-05-05,2020,5,May,MER
-0.059419148,-6.194449,2020-05-06,2020,5,May,MER
0.43102884,-4.6095147,2020-05-07,2020,5,May,BJU
-0.11756229,-4.977816,2020-05-08,2020,5,May,UAX
-0.091305725,-5.716615,2020-05-09,2020,5,May,MER
-0.2517172,-7.706207,2020-05-10,2020,5,May,MER
-0.22968292,-6.004193,2020-05-11,2020,5,May,UAX
-0.18346262,-4.5505414,2020-05-12,2020,5,May,BJU
-0.49576354,-5.7910404,2020-05-13,2020,5,May,BJU
-0.41704082,-4.267096,2020-05-14,2020,5,May,BJU
-0.25820386,-4.710202,2020-05-15,2020,5,May,BJU
0.51417077,-5.9942164,2020-05-16,2020,5,May,MER
-0.5685221,-6.9263306,2020-05-17,2020,5,May,MER
-1.1279565,-6.799685,2020-05-18,2020,5,May,BJU
-1.0793309,-6.2686534,2020-05-19,2020,5,May,BJU
-1.4092854,-4.5820847,2020-05-20,2020,5,May,UAX
-1.538252,-2.69373,2020-05-21,2020,5,May,UAX
-0.75049984,-1.8126156,2020-05-22,2020,5,May,UAX
-0.28046,-3.4650087,2020-05-23,2020,5,May,UAX
-0.4993688,-6.8912225,2020-05-24,2020,5,May,BJU
-0.9108331,-6.0668154,2020-05-25,2020,5,May,UAX
-1.2003267,-6.042081,2020-05-26,2020,5,May,UAX
-1.1724104,-4.7387443,2020-05-27,2020,5,May,BJU
-0.55957377,-4.201534,2020-05-28,2020,5,May,BJU
0.34645617,-5.0074725,2020-05-29,2020,5,May,MER
0.46783948,-6.4562917,2020-05-30,2020,5,May,MER
0.13271916,-6.327743,2020-05-31,2020,5,May,MER
0.8811622,-4.1105576,2020-06-01,2020,6,Jun,MER
1.2329247,-6.3267527,2020-06-04,2020,6,Jun,BJU
-0.06060051,-3.8878977,2020-06-09,2020,6,Jun,BJU
0.5022522,-5.1371884,2020-06-10,2020,6,Jun,BJU
0.8895198,-6.842607,2020-06-11,2020,6,Jun,UAX
1.3646173,-6.3687606,2020-06-12,2020,6,Jun,MER
-0.093043916,-6.9831443,2020-06-13,2020,6,Jun,MER
-0.14222181,-7.0715594,2020-06-14,2020,6,Jun,MER
-0.19982398,-5.9477906,2020-06-15,2020,6,Jun,BJU
-0.56987035,-5.9146895,2020-06-16,2020,6,Jun,MER
0.8720503,-4.6667976,2020-06-20,2020,6,Jun,BJU
0.9470039,-4.1302786,2020-06-21,2020,6,Jun,MER
1.4321482,-2.8237107,2020-06-22,2020,6,Jun,BJU
2.1987336,-3.69937,2020-06-23,2020,6,Jun,MER
2.0777216,-5.2894506,2020-06-24,2020,6,Jun,UAX
3.2510316,-6.2938714,2020-06-25,2020,6,Jun,UAX
1.6978258,-4.783153,2020-06-26,2020,6,Jun,UAX
0.1040175,-6.023599,2020-06-27,2020,6,Jun,MER
0.45364726,-7.0958447,2020-06-28,2020,6,Jun,BJU
0.7139064,-3.6315522,2020-06-29,2020,6,Jun,MER
-0.09038507,-4.4122076,2020-06-30,2020,6,Jun,UAX
0.7670772,-5.6234465,2020-07-01,2020,7,Jul,MER
0.41078317,-5.581459,2020-07-02,2020,7,Jul,MER
0.5675409,-5.923276,2020-07-03,2020,7,Jul,MER
0.60408306,-5.440931,2020-07-04,2020,7,Jul,BJU
1.7561408,-4.7738748,2020-07-07,2020,7,Jul,MER
2.4828982,-5.6276803,2020-07-08,2020,7,Jul,UAX
1.775738,-3.106884,2020-07-09,2020,7,Jul,UAX
0.899863,-2.409761,2020-07-10,2020,7,Jul,BJU
0.99243915,-5.3382516,2020-07-11,2020,7,Jul,MER
0.7578751,-6.2208734,2020-07-12,2020,7,Jul,BJU
0.41735613,-4.4305778,2020-07-13,2020,7,Jul,MER
0.45652944,-3.4813297,2020-07-14,2020,7,Jul,BJU
0.6932901,-4.3871665,2020-07-15,2020,7,Jul,BJU
0.8023552,-4.7106543,2020-07-16,2020,7,Jul,BJU
0.8397975,-5.783131,2020-07-17,2020,7,Jul,MER
0.48905516,-5.239554,2020-07-18,2020,7,Jul,MER
0.46468818,-6.1665826,2020-07-19,2020,7,Jul,MER
-0.28215116,-3.538187,2020-07-20,2020,7,Jul,MER
0.14533198,-4.653004,2020-07-21,2020,7,Jul,MER
-0.20130324,-5.75252,2020-07-22,2020,7,Jul,BJU
1.124982,-3.6261525,2020-07-23,2020,7,Jul,MER
-0.39228415,-6.3088965,2020-07-24,2020,7,Jul,UAX
-0.022070043,-5.3089833,2020-07-25,2020,7,Jul,BJU
1.1699916,-3.6253605,2020-07-26,2020,7,Jul,UAX
1.400092,-4.6219916,2020-07-27,2020,7,Jul,UAX
1.8883604,-6.1870427,2020-07-28,2020,7,Jul,MER
2.6045344,-4.5661573,2020-07-29,2020,7,Jul,UAX
0.8060724,-2.2504764,2020-07-30,2020,7,Jul,MER
1.9451804,-4.279919,2020-07-31,2020,7,Jul,UAX
1.7599974,-3.1154945,2020-08-01,2020,8,Ago,BJU
1.4978583,-5.39183,2020-08-07,2020,8,Ago,BJU
1.820604,-5.6890454,2020-08-08,2020,8,Ago,BJU
1.8598293,-5.064381,2020-08-09,2020,8,Ago,BJU
2.4259644,-3.970461,2020-08-10,2020,8,Ago,BJU
0.7736118,-3.9584274,2020-08-11,2020,8,Ago,MER
1.9602541,-4.6722817,2020-08-12,2020,8,Ago,BJU
0.6610263,-4.1322527,2020-08-13,2020,8,Ago,UAX
1.9192855,-2.6029782,2020-08-14,2020,8,Ago,MER
1.6136128,-3.0220988,2020-08-15,2020,8,Ago,UAX
1.2285172,-4.8963284,2020-08-16,2020,8,Ago,BJU
1.4415146,-3.7200165,2020-08-17,2020,8,Ago,BJU
1.289316,-3.9444337,2020-08-18,2020,8,Ago,BJU
1.5008776,-3.4457633,2020-08-19,2020,8,Ago,MER
0.9947527,-3.5484805,2020-08-20,2020,8,Ago,BJU
0.2151146,-4.1431446,2020-08-21,2020,8,Ago,BJU
0.5725949,-4.6479754,2020-08-22,2020,8,Ago,BJU
0.37557113,-7.2713976,2020-08-23,2020,8,Ago,BJU
2.0152442,-4.813624,2020-08-24,2020,8,Ago,BJU
3.5185554,-6.2178516,2020-08-25,2020,8,Ago,BJU
1.49663,-4.069666,2020-08-26,2020,8,Ago,BJU
2.7339113,-5.928122,2020-08-27,2020,8,Ago,UAX
1.265435,-2.4824252,2020-08-28,2020,8,Ago,MER
1.383672,-3.7929463,2020-08-29,2020,8,Ago,UAX
2.945893,-7.0265145,2020-08-30,2020,8,Ago,UAX
1.4348611,-4.350408,2020-08-31,2020,8,Ago,UAX
0.60317,-3.9909515,2020-09-01,2020,9,Sep,UAX
0.5614165,-3.925409,2020-09-02,2020,9,Sep,UAX
1.3729733,-4.5256715,2020-09-03,2020,9,Sep,BJU
1.6095351,-5.9673123,2020-09-04,2020,9,Sep,UAX
3.0033748,-5.4269595,2020-09-05,2020,9,Sep,MER
2.2600172,-5.9455247,2020-09-06,2020,9,Sep,MER
2.3086038,-4.879127,2020-09-07,2020,9,Sep,BJU
0.99658674,-3.396025,2020-09-08,2020,9,Sep,UAX
2.0225627,-4.5538383,2020-09-09,2020,9,Sep,BJU
2.2484984,-3.4662936,2020-09-10,2020,9,Sep,MER
1.9315358,-4.4154296,2020-09-11,2020,9,Sep,BJU
1.0157055,-4.430706,2020-09-12,2020,9,Sep,MER
1.4171026,-6.0585074,2020-09-13,2020,9,Sep,MER
1.9021317,-4.0916996,2020-09-14,2020,9,Sep,BJU
1.0898346,-3.672718,2020-09-15,2020,9,Sep,MER
1.2521276,-6.2579956,2020-09-16,2020,9,Sep,MER
2.7360609,-5.331581,2020-09-17,2020,9,Sep,MER
3.7076573,-5.130837,2020-09-18,2020,9,Sep,MER
3.0793188,-4.992015,2020-09-19,2020,9,Sep,MER
0.8907429,-4.3250623,2020-09-20,2020,9,Sep,MER
2.1334822,-3.176277,2020-09-21,2020,9,Sep,MER
0.16679555,-2.040849,2020-09-22,2020,9,Sep,UAX
0.5150475,-2.6513155,2020-09-23,2020,9,Sep,UAX
0.9110574,-2.8839846,2020-09-24,2020,9,Sep,UAX
1.6460791,-2.4832711,2020-09-25,2020,9,Sep,MER
1.5560893,-2.3937745,2020-10-01,2020,10,Oct,MER
1.0669026,-3.4246578,2020-10-02,2020,10,Oct,BJU
0.26881576,-5.864035,2020-10-03,2020,10,Oct,MER
0.57744455,-6.335947,2020-10-04,2020,10,Oct,MER
0.3306421,-4.6456456,2020-10-05,2020,10,Oct,BJU
0.60490555,-2.2848706,2020-10-06,2020,10,Oct,BJU
0.86022544,-0.4621439,2020-10-07,2020,10,Oct,UAX
-0.33020568,-1.4585705,2020-10-08,2020,10,Oct,UAX
0.65223646,-1.7583618,2020-10-09,2020,10,Oct,MER
0.14741981,-3.9124923,2020-10-10,2020,10,Oct,BJU
0.44288385,-4.266826,2020-10-11,2020,10,Oct,BJU
2.0822985,-3.5343244,2020-10-12,2020,10,Oct,UAX
2.6913815,-4.014779,2020-10-13,2020,10,Oct,BJU
2.41701,-4.5902452,2020-10-14,2020,10,Oct,BJU
2.1529171,-3.985115,2020-10-15,2020,10,Oct,BJU
2.6211967,-4.8438754,2020-10-16,2020,10,Oct,BJU
0.62231624,-5.253403,2020-10-17,2020,10,Oct,BJU
1.2183875,-2.3884332,2020-10-18,2020,10,Oct,BJU
1.9977412,-3.3107915,2020-10-19,2020,10,Oct,MER
2.9636576,-3.814806,2020-10-23,2020,10,Oct,MER
-0.42189503,-2.4994621,2020-10-28,2020,10,Oct,MER
0.89346015,-1.7235804,2020-10-29,2020,10,Oct,MER
0.9976922,-3.3093646,2020-10-30,2020,10,Oct,BJU
1.2118864,-2.3671012,2020-10-31,2020,10,Oct,UAX
2.5019262,-4.9954906,2020-11-01,2020,11,Nov,BJU
1.02984,-7.500423,2020-11-02,2020,11,Nov,MER
1.4938202,-3.4740374,2020-11-03,2020,11,Nov,BJU
2.9111555,-3.8496585,2020-11-04,2020,11,Nov,UAX
2.1991353,-3.732306,2020-11-05,2020,11,Nov,UAX
1.6227713,-2.4511607,2020-11-06,2020,11,Nov,BJU
1.0780276,-2.2164583,2020-11-07,2020,11,Nov,BJU
0.43008286,-1.4002405,2020-11-08,2020,11,Nov,MER
0.97673905,-0.42706895,2020-11-09,2020,11,Nov,MER
2.2052338,-0.7911679,2020-11-10,2020,11,Nov,BJU
0.7096082,-0.04647933,2020-11-11,2020,11,Nov,MER
-0.07091432,-0.8564876,2020-11-12,2020,11,Nov,MER
3.353237,-1.2178535,2020-11-13,2020,11,Nov,BJU
1.2243316,-0.20063706,2020-11-14,2020,11,Nov,MER
1.4339913,-2.3224535,2020-11-15,2020,11,Nov,MER
1.67595,-5.6144924,2020-11-16,2020,11,Nov,BJU
2.7483482,-5.551953,2020-11-17,2020,11,Nov,BJU
3.2076504,-4.661328,2020-11-18,2020,11,Nov,BJU
2.5124729,-3.447134,2020-11-19,2020,11,Nov,UAX
5.0897927,-5.175559,2020-11-20,2020,11,Nov,UAX
2.950606,-5.7634754,2020-11-21,2020,11,Nov,BJU
2.471945,-4.9705977,2020-11-22,2020,11,Nov,BJU
3.168991,-3.7342846,2020-11-23,2020,11,Nov,UAX
6.4517817,-2.4770546,2020-11-24,2020,11,Nov,UAX
3.8755672,-2.3401763,2020-11-25,2020,11,Nov,MER
4.512419,-2.3449078,2020-11-26,2020,11,Nov,UAX
5.3402963,-1.5502498,2020-11-27,2020,11,Nov,UAX
4.7621927,-0.8891192,2020-11-28,2020,11,Nov,BJU
1.3230678,0.529829,2020-11-29,2020,11,Nov,UAX
1.9012458,-2.8348064,2020-11-30,2020,11,Nov,BJU
2.981832,-3.3348544,2020-12-01,2020,12,Dic,MER
1.8340858,-3.6540995,2020-12-02,2020,12,Dic,UAX
3.1395915,-3.6180205,2020-12-03,2020,12,Dic,MER
3.9199271,-4.3412848,2020-12-04,2020,12,Dic,BJU
3.2451055,-4.331891,2020-12-05,2020,12,Dic,UAX
2.572733,-4.5538354,2020-12-06,2020,12,Dic,UAX
3.1825428,-3.8973398,2020-12-07,2020,12,Dic,UAX
3.4893126,-3.384489,2020-12-08,2020,12,Dic,BJU
2.5279908,-2.508657,2020-12-12,2020,12,Dic,BJU
2.1311147,-3.5760803,2020-12-13,2020,12,Dic,UAX
1.0345293,-3.0273862,2020-12-14,2020,12,Dic,MER
2.138921,-3.1622438,2020-12-15,2020,12,Dic,MER
1.6313591,-2.462992,2020-12-16,2020,12,Dic,BJU
2.2522552,-2.48933,2020-12-17,2020,12,Dic,BJU
3.495701,-2.6372674,2020-12-18,2020,12,Dic,BJU
2.0621145,-1.9670593,2020-12-19,2020,12,Dic,MER
0.88947964,-2.809125,2020-12-20,2020,12,Dic,MER
1.7379476,-2.1391926,2020-12-21,2020,12,Dic,BJU
2.7471461,-1.5808792,2020-12-22,2020,12,Dic,BJU
4.470307,-1.5079103,2020-12-23,2020,12,Dic,MER
2.9705563,-0.08490236,2020-12-24,2020,12,Dic,UAX
0.9154315,-4.174772,2020-12-25,2020,12,Dic,MER
1.448854,-2.6301417,2020-12-26,2020,12,Dic,MER
2.504364,-2.5989926,2020-12-27,2020,12,Dic,UAX
6.6832705,-2.015007,2020-12-28,2020,12,Dic,UAX
5.034609,-0.58669776,2020-12-29,2020,12,Dic,BJU
1.3438792,-2.2149816,2020-12-30,2020,12,Dic,MER
1.098965,-6.349009,2020-12-31,2020,12,Dic,UAX
1.6626662,-3.1617107,2021-01-01,2021,1,Ene,BJU
2.7235396,-1.4101076,2021-01-02,2021,1,Ene,BJU
1.8890733,-2.6105144,2021-01-03,2021,1,Ene,BJU
5.223684,-1.46145,2021-01-04,2021,1,Ene,UAX
3.767516,-2.1178324,2021-01-05,2021,1,Ene,UAX
4.468899,-2.8628745,2021-01-06,2021,1,Ene,UAX
3.0731893,-3.091085,2021-01-07,2021,1,Ene,UAX
2.2457016,-2.2420113,2021-01-08,2021,1,Ene,UAX
2.0984914,-3.3776698,2021-01-09,2021,1,Ene,BJU
2.6542568,-5.210541,2021-01-10,2021,1,Ene,UAX
3.3524384,-5.2581296,2021-01-11,2021,1,Ene,BJU
3.3214345,-5.0910525,2021-01-12,2021,1,Ene,UAX
2.4965744,-2.233731,2021-01-29,2021,1,Ene,BJU
3.1889791,-1.0329803,2021-01-30,2021,1,Ene,BJU
1.5518502,-2.747082,2021-01-31,2021,1,Ene,UAX
1.1722924,-4.6730685,2021-02-01,2021,2,Feb,BJU
5.699761,-3.381565,2021-02-02,2021,2,Feb,UAX
6.825396,-2.8175058,2021-02-03,2021,2,Feb,UAX
5.2867417,-0.35340863,2021-02-04,2021,2,Feb,BJU
2.5307343,0.47835118,2021-02-05,2021,2,Feb,MER
0.7012626,-1.480961,2021-02-06,2021,2,Feb,UAX
0.23570776,-3.7993927,2021-02-07,2021,2,Feb,MER
1.6625963,-2.8787296,2021-02-08,2021,2,Feb,UAX
1.6081035,-2.0117273,2021-02-09,2021,2,Feb,UAX
3.0021758,-2.3981643,2021-02-10,2021,2,Feb,MER
2.9932663,-4.493384,2021-02-11,2021,2,Feb,UAX
3.0535524,-5.6735373,2021-02-12,2021,2,Feb,UAX
2.0810022,-5.269974,2021-02-13,2021,2,Feb,UAX
1.13864,-4.9412045,2021-02-14,2021,2,Feb,UAX
1.4107329,-2.8729722,2021-02-15,2021,2,Feb,UAX
1.9115824,-3.1773975,2021-02-16,2021,2,Feb,UAX
1.6121441,-3.3506472,2021-02-17,2021,2,Feb,UAX
2.0562413,-1.8901792,2021-02-18,2021,2,Feb,MER
2.93764,-0.85794485,2021-02-19,2021,2,Feb,BJU
1.3973742,-1.3751001,2021-02-20,2021,2,Feb,BJU
-0.102879874,-1.9743291,2021-02-21,2021,2,Feb,MER
1.6881872,-1.513045,2021-02-22,2021,2,Feb,MER
0.6499529,-1.9781357,2021-02-23,2021,2,Feb,BJU
3.9842494,-3.3593743,2021-02-24,2021,2,Feb,BJU
0.40909794,-1.6944863,2021-02-25,2021,2,Feb,UAX
-0.19349217,-0.9777176,2021-02-26,2021,2,Feb,MER
-0.7388829,-1.4950125,2021-02-27,2021,2,Feb,MER
-0.2407605,-3.117416,2021-02-28,2021,2,Feb,UAX
-0.36161923,-1.359465,2021-03-01,2021,3,Mar,MER
-0.71348524,-5.5560355,2021-03-02,2021,3,Mar,UAX
-0.24527621,-2.9867964,2021-03-03,2021,3,Mar,MER
0.45256886,-1.6759659,2021-03-04,2021,3,Mar,MER
1.2283431,-1.2321817,2021-03-05,2021,3,Mar,MER
0.55011535,-3.4287074,2021-03-06,2021,3,Mar,BJU
1.5806798,-3.241556,2021-03-07,2021,3,Mar,MER
2.1505253,-3.1848178,2021-03-08,2021,3,Mar,UAX
1.4185522,-2.4626036,2021-03-09,2021,3,Mar,BJU
4.043184,-2.8720422,2021-03-10,2021,3,Mar,BJU
3.2063224,-2.3603954,2021-03-11,2021,3,Mar,MER
1.0518943,-1.6414361,2021-03-12,2021,3,Mar,UAX
0.5219173,-1.9244567,2021-03-13,2021,3,Mar,UAX
0.3186825,-3.3048165,2021-03-14,2021,3,Mar,MER
0.44571263,-2.3935156,2021-03-15,2021,3,Mar,UAX
1.3921561,-2.9843845,2021-03-16,2021,3,Mar,UAX
0.72773564,-3.8175077,2021-03-17,2021,3,Mar,MER
0.78171057,-4.071135,2021-03-18,2021,3,Mar,UAX
1.0702045,-2.2142406,2021-03-19,2021,3,Mar,UAX
1.0044466,-1.9869612,2021-03-20,2021,3,Mar,MER
0.16370821,-3.8623178,2021-03-21,2021,3,Mar,UAX
1.1027018,-3.3100126,2021-03-22,2021,3,Mar,BJU
1.1166943,-3.5973997,2021-03-23,2021,3,Mar,BJU
1.4611712,-3.1321774,2021-03-24,2021,3,Mar,BJU
1.1232344,-1.7025189,2021-03-25,2021,3,Mar,UAX
1.0739616,-1.4630814,2021-03-26,2021,3,Mar,MER
-0.3019503,-2.1678133,2021-03-27,2021,3,Mar,UAX
0.4029684,-3.834659,2021-03-28,2021,3,Mar,BJU
0.5698402,-4.9792867,2021-03-29,2021,3,Mar,MER
0.41047615,-2.7197452,2021-03-30,2021,3,Mar,UAX
0.5923178,-2.6796575,2021-03-31,2021,3,Mar,MER
1.2928429,-7.3391104,2021-04-01,2021,4,Abr,MER
1.546699,-6.6453347,2021-04-02,2021,4,Abr,MER
1.2476625,-5.004333,2021-04-03,2021,4,Abr,MER
0.7261629,-4.792429,2021-04-04,2021,4,Abr,MER
1.434268,-3.1074803,2021-04-05,2021,4,Abr,BJU
1.140978,-3.0721736,2021-04-06,2021,4,Abr,UAX
0.22921258,-3.1409721,2021-04-07,2021,4,Abr,UAX
-0.8042733,-3.5821898,2021-04-08,2021,4,Abr,UAX
-0.61561024,-3.686644,2021-04-09,2021,4,Abr,BJU
-0.4864381,-4.0142703,2021-04-10,2021,4,Abr,UAX
-0.28734052,-4.4188256,2021-04-11,2021,4,Abr,UAX
-0.17178088,-2.7410555,2021-04-12,2021,4,Abr,MER
-0.56944567,-2.159827,2021-04-13,2021,4,Abr,MER
-0.53481585,-2.647258,2021-04-14,2021,4,Abr,BJU
-0.5585222,-3.0616903,2021-04-15,2021,4,Abr,MER
-0.66399944,-2.2197034,2021-04-16,2021,4,Abr,MER
-0.06840318,-1.3326949,2021-04-17,2021,4,Abr,UAX
0.5909809,-2.7352388,2021-04-18,2021,4,Abr,UAX
0.61298245,-1.9176935,2021-04-19,2021,4,Abr,UAX
0.034788676,-2.6308293,2021-04-20,2021,4,Abr,BJU
0.10371489,-1.7733816,2021-04-21,2021,4,Abr,BJU
-0.29912895,-3.4646459,2021-04-22,2021,4,Abr,UAX
-0.326541,-2.6169572,2021-04-23,2021,4,Abr,BJU
-1.149952,-3.1478772,2021-04-24,2021,4,Abr,MER
-0.584334,-6.045469,2021-04-25,2021,4,Abr,BJU
-1.1384026,-3.780798,2021-04-26,2021,4,Abr,MER
-0.9910811,-3.660369,2021-04-27,2021,4,Abr,MER
-0.45480716,-5.278713,2021-04-28,2021,4,Abr,UAX
-0.3816321,-1.60018,2021-04-29,2021,4,Abr,MER
0.43105808,-1.0203393,2021-04-30,2021,4,Abr,MER
0.28056848,-4.5355124,2021-05-01,2021,5,May,BJU
0.27337372,-5.799482,2021-05-02,2021,5,May,UAX
0.624485,-4.378797,2021-05-03,2021,5,May,UAX
-0.11324357,-5.4909196,2021-05-04,2021,5,May,UAX
-0.11107718,-4.4990435,2021-05-05,2021,5,May,BJU
0.73927116,-4.566714,2021-05-06,2021,5,May,BJU
0.41190195,-6.2433686,2021-05-07,2021,5,May,MER
-0.2593702,-4.5372005,2021-05-08,2021,5,May,MER
-0.4059943,-4.994747,2021-05-09,2021,5,May,BJU
-0.64364684,-5.2773485,2021-05-10,2021,5,May,UAX
0.3079716,-3.4418871,2021-05-11,2021,5,May,BJU
0.4266312,-3.2668436,2021-05-12,2021,5,May,BJU
2.3148773,-5.1463513,2021-05-13,2021,5,May,BJU
1.4563129,-4.126269,2021-05-14,2021,5,May,MER
0.93257725,-3.221439,2021-05-15,2021,5,May,MER
0.013048536,-5.499148,2021-05-16,2021,5,May,MER
0.10476906,-3.3727877,2021-05-17,2021,5,May,BJU
0.12750906,-2.2069035,2021-05-18,2021,5,May,UAX
0.13736224,-2.4466789,2021-05-19,2021,5,May,UAX
-0.94307244,-3.7971354,2021-05-20,2021,5,May,UAX
-0.5354147,-5.1091304,2021-05-21,2021,5,May,BJU
-0.57652223,-5.7050776,2021-05-22,2021,5,May,MER
-0.48102915,-6.4095864,2021-05-23,2021,5,May,MER
-0.005616897,-5.279963,2021-05-24,2021,5,May,MER
0.75164664,-1.9496886,2021-05-25,2021,5,May,UAX
0.15344822,-3.0304337,2021-05-26,2021,5,May,MER
-0.19448757,-3.9329739,2021-05-27,2021,5,May,MER
-1.1291193,-3.9013627,2021-05-28,2021,5,May,UAX
-0.7274654,-6.0863423,2021-05-29,2021,5,May,MER
0.41029918,-4.9881005,2021-05-30,2021,5,May,MER
-0.028325908,-4.2328634,2021-05-31,2021,5,May,BJU
-0.49530733,-5.478704,2021-06-01,2021,6,Jun,UAX
0.8788397,-3.1774867,2021-06-02,2021,6,Jun,UAX
0.64296985,-3.0190454,2021-06-03,2021,6,Jun,UAX
3.6893222,-2.5611002,2021-06-04,2021,6,Jun,MER
2.293306,-1.7183918,2021-06-05,2021,6,Jun,UAX
-0.029552333,-3.5742993,2021-06-06,2021,6,Jun,UAX
0.1888277,-2.2887614,2021-06-07,2021,6,Jun,BJU
-0.13576367,-0.9046676,2021-06-08,2021,6,Jun,MER
1.1648563,-1.3324589,2021-06-09,2021,6,Jun,UAX
1.3050333,-3.910139,2021-06-10,2021,6,Jun,BJU
2.0512202,-3.6119118,2021-06-11,2021,6,Jun,MER
2.3151271,-3.946711,2021-06-12,2021,6,Jun,MER
1.6285075,-3.6626217,2021-06-13,2021,6,Jun,UAX
3.6175632,-5.823932,2021-06-14,2021,6,Jun,BJU
1.8943175,-5.7150273,2021-06-15,2021,6,Jun,UAX
0.41735315,-6.3153834,2021-06-16,2021,6,Jun,BJU
1.418322,-5.0026283,2021-06-17,2021,6,Jun,MER
2.8546433,-5.0996556,2021-06-18,2021,6,Jun,MER
3.217394,-7.8709373,2021-06-19,2021,6,Jun,UAX
2.5464041,-5.980668,2021-06-20,2021,6,Jun,MER
0.77492225,-2.7259493,2021-06-21,2021,6,Jun,MER
0.39321813,-2.0388777,2021-06-22,2021,6,Jun,UAX
1.3096458,-3.1078658,2021-06-23,2021,6,Jun,UAX
1.385425,-2.7105112,2021-06-24,2021,6,Jun,MER
3.8167858,-4.916528,2021-06-25,2021,6,Jun,UAX
5.259544,-4.903749,2021-07-02,2021,7,Jul,MER
3.7226841,-5.0406957,2021-07-03,2021,7,Jul,UAX
1.9104558,-1.8275031,2021-07-04,2021,7,Jul,UAX
1.2529827,-1.122657,2021-07-05,2021,7,Jul,BJU
1.8041562,-0.53937465,2021-07-06,2021,7,Jul,BJU
0.8354623,-0.37995517,2021-07-07,2021,7,Jul,BJU
1.4935875,-3.2231696,2021-07-08,2021,7,Jul,UAX
2.0186653,-4.8803267,2021-07-09,2021,7,Jul,UAX
0.94904757,-1.9249524,2021-07-10,2021,7,Jul,BJU
0.3504423,-5.311236,2021-07-11,2021,7,Jul,MER
0.584774,-4.30903,2021-07-12,2021,7,Jul,MER
3.485939,-3.3664303,2021-07-13,2021,7,Jul,UAX
1.787212,-3.3555074,2021-07-14,2021,7,Jul,BJU
2.2926779,-3.592137,2021-07-15,2021,7,Jul,UAX
2.2318487,-3.9853044,2021-07-16,2021,7,Jul,UAX
1.5847358,-3.9895105,2021-07-17,2021,7,Jul,MER
1.1177658,-4.514453,2021-07-18,2021,7,Jul,MER
0.5547185,-5.1505013,2021-07-19,2021,7,Jul,MER
0.8722007,-2.0044389,2021-07-20,2021,7,Jul,BJU
1.2123471,-2.7631118,2021-07-21,2021,7,Jul,MER
1.8997778,-2.972717,2021-07-22,2021,7,Jul,UAX
0.7231106,-3.2630072,2021-07-23,2021,7,Jul,BJU
-0.17070878,-4.805216,2021-07-24,2021,7,Jul,MER
-0.13338614,-4.4943995,2021-07-25,2021,7,Jul,MER
1.3820504,-2.560969,2021-07-26,2021,7,Jul,UAX
1.1226312,-1.8305137,2021-07-27,2021,7,Jul,UAX
1.1896032,-2.8497975,2021-07-28,2021,7,Jul,MER
1.1450647,-4.1360893,2021-07-29,2021,7,Jul,MER
2.7353942,-4.3338284,2021-07-30,2021,7,Jul,MER
1.7170721,-2.82597,2021-07-31,2021,7,Jul,UAX
1.0985303,-2.4885526,2021-08-01,2021,8,Ago,UAX
0.7797406,-2.1502724,2021-08-02,2021,8,Ago,UAX
2.2404907,-3.8222003,2021-08-03,2021,8,Ago,UAX
2.4088545,-3.7652192,2021-08-04,2021,8,Ago,UAX
1.1380002,-4.094689,2021-08-05,2021,8,Ago,UAX
1.1533083,-3.2720907,2021-08-06,2021,8,Ago,UAX
0.8034215,-4.0399895,2021-08-07,2021,8,Ago,BJU
1.8989266,-4.1862726,2021-08-08,2021,8,Ago,UAX
2.3814964,-2.3958669,2021-08-09,2021,8,Ago,MER
1.008104,-3.8084307,2021-08-10,2021,8,Ago,BJU
0.8386197,-3.4689336,2021-08-11,2021,8,Ago,MER
2.0151892,-4.1556706,2021-08-14,2021,8,Ago,UAX
1.2269915,-6.021892,2021-08-15,2021,8,Ago,MER
0.9246458,-4.7127995,2021-08-16,2021,8,Ago,MER
1.732051,-2.8696194,2021-08-17,2021,8,Ago,UAX
0.5793205,-2.8241098,2021-08-18,2021,8,Ago,UAX
1.1798702,-4.415734,2021-08-19,2021,8,Ago,BJU
2.6155167,-5.132329,2021-08-20,2021,8,Ago,BJU
3.033821,-5.368165,2021-08-21,2021,8,Ago,UAX
1.6510061,-4.5827136,2021-08-22,2021,8,Ago,MER
1.7477473,-4.4762874,2021-08-23,2021,8,Ago,MER
2.2049072,-4.927651,2021-08-24,2021,8,Ago,MER
1.978871,-5.7080226,2021-08-25,2021,8,Ago,UAX
1.1965562,-4.2551703,2021-08-26,2021,8,Ago,BJU
2.5800529,-4.762247,2021-08-27,2021,8,Ago,UAX
3.3027809,-7.241805,2021-08-28,2021,8,Ago,UAX
3.6287768,-5.582205,2021-08-29,2021,8,Ago,UAX
5.685799,-4.894687,2021-08-30,2021,8,Ago,BJU
2.7216418,-4.9224553,2021-08-31,2021,8,Ago,UAX
4.0370417,-3.7523723,2021-09-02,2021,9,Sep,UAX
5.239617,-4.01703,2021-09-03,2021,9,Sep,BJU
1.2812644,-3.375862,2021-09-04,2021,9,Sep,MER
1.7146121,-4.5948963,2021-09-05,2021,9,Sep,MER
0.9126094,-2.4582853,2021-09-06,2021,9,Sep,UAX
3.4905517,-3.791038,2021-09-07,2021,9,Sep,BJU
1.1980637,-2.7105658,2021-09-08,2021,9,Sep,MER
1.1673218,-4.0240736,2021-09-09,2021,9,Sep,BJU
0.7215692,-5.1328263,2021-09-10,2021,9,Sep,MER
0.6906253,-5.6571565,2021-09-11,2021,9,Sep,BJU
1.4240403,-5.8522177,2021-09-12,2021,9,Sep,MER
3.1322086,-6.651706,2021-09-13,2021,9,Sep,MER
3.0533428,-6.4626665,2021-09-14,2021,9,Sep,UAX
2.1581342,-3.7004538,2021-09-15,2021,9,Sep,UAX
1.6593658,-3.1667764,2021-09-16,2021,9,Sep,UAX
0.59818053,-1.4571451,2021-09-17,2021,9,Sep,UAX
2.1367016,-4.2458787,2021-09-18,2021,9,Sep,BJU
2.4405332,-5.510434,2021-09-19,2021,9,Sep,MER
2.367519,-2.786265,2021-09-20,2021,9,Sep,UAX
0.96261346,-2.6367333,2021-09-21,2021,9,Sep,MER
1.7440904,-5.1148877,2021-09-22,2021,9,Sep,MER
2.2568576,-4.106103,2021-09-23,2021,9,Sep,MER
1.1151747,-2.7442172,2021-09-24,2021,9,Sep,BJU
1.3480027,-3.2512164,2021-09-25,2021,9,Sep,MER
0.28517652,-5.4467006,2021-09-26,2021,9,Sep,MER
1.9486712,-3.6277554,2021-09-27,2021,9,Sep,UAX
2.4114525,-3.163917,2021-09-28,2021,9,Sep,UAX
-0.23179772,-1.9718823,2021-09-29,2021,9,Sep,BJU
3.5949917,-2.8892207,2021-09-30,2021,9,Sep,BJU
5.7117763,-3.8568292,2021-10-01,2021,10,Oct,UAX
0.17978159,-1.6697115,2021-10-02,2021,10,Oct,UAX
1.0164467,-4.2778544,2021-10-03,2021,10,Oct,MER
2.4115589,-5.151946,2021-10-04,2021,10,Oct,MER
3.0256488,-5.5038257,2021-10-05,2021,10,Oct,MER
4.227468,-4.683076,2021-10-06,2021,10,Oct,UAX
1.3881836,-2.360094,2021-10-07,2021,10,Oct,UAX
1.9367245,-2.803631,2021-10-08,2021,10,Oct,MER
0.6227189,-3.354654,2021-10-09,2021,10,Oct,MER
1.5076102,-3.7539947,2021-10-10,2021,10,Oct,UAX
-0.16939902,-1.9783493,2021-10-11,2021,10,Oct,BJU
1.8481259,-2.8032176,2021-10-12,2021,10,Oct,BJU
2.138817,-3.0865445,2021-10-13,2021,10,Oct,UAX
0.81835675,-1.4305677,2021-10-14,2021,10,Oct,BJU
1.8576393,-2.8825448,2021-10-15,2021,10,Oct,MER
1.6210183,-5.976895,2021-10-16,2021,10,Oct,MER
1.752431,-5.3023047,2021-10-17,2021,10,Oct,MER
1.9713154,-3.0627506,2021-10-18,2021,10,Oct,MER
0.9986694,-1.5861324,2021-10-19,2021,10,Oct,BJU
2.5835383,-2.5123842,2021-10-20,2021,10,Oct,UAX
3.224341,-5.288652,2021-10-21,2021,10,Oct,MER
3.9124045,-5.5885377,2021-10-22,2021,10,Oct,MER
1.5066787,-3.2361062,2021-10-23,2021,10,Oct,MER
2.2686589,-4.7260213,2021-10-24,2021,10,Oct,MER
5.3123384,-5.2507296,2021-10-25,2021,10,Oct,BJU
3.4560726,-4.420609,2021-10-26,2021,10,Oct,UAX
2.2371736,-4.31667,2021-10-27,2021,10,Oct,UAX
4.495663,-2.8898327,2021-10-28,2021,10,Oct,UAX
3.2420156,-1.0751334,2021-10-29,2021,10,Oct,UAX
3.3413389,-2.266985,2021-10-30,2021,10,Oct,BJU
0.99917656,-1.348159,2021-10-31,2021,10,Oct,BJU
3.2409575,-2.192559,2021-11-01,2021,11,Nov,UAX
2.2861595,-3.3650897,2021-11-02,2021,11,Nov,UAX
5.313497,-2.9252033,2021-11-03,2021,11,Nov,BJU
3.2292426,-2.5087595,2021-11-04,2021,11,Nov,UAX
2.4184864,-2.9486685,2021-11-05,2021,11,Nov,UAX
2.098276,-3.1062484,2021-11-06,2021,11,Nov,UAX
1.0204611,-3.473464,2021-11-07,2021,11,Nov,MER
1.8231534,-2.501587,2021-11-08,2021,11,Nov,UAX
0.60968226,0.23259597,2021-11-10,2021,11,Nov,BJU
1.0118536,-1.6095188,2021-11-11,2021,11,Nov,MER
1.6904378,-2.6688783,2021-11-12,2021,11,Nov,UAX
1.4387251,-4.4472613,2021-11-13,2021,11,Nov,BJU
1.0825828,-3.9016395,2021-11-14,2021,11,Nov,MER
1.7013992,-3.8248677,2021-11-15,2021,11,Nov,MER
2.6287386,-1.4313921,2021-11-16,2021,11,Nov,BJU
1.8245095,-0.70796555,2021-11-17,2021,11,Nov,BJU
1.4366237,-1.7195616,2021-11-18,2021,11,Nov,BJU
3.296277,-5.057323,2021-11-19,2021,11,Nov,MER
1.9417411,-3.5316195,2021-11-20,2021,11,Nov,MER
1.0629545,-3.3802118,2021-11-21,2021,11,Nov,MER
2.5322323,-4.4998302,2021-11-22,2021,11,Nov,MER
2.117191,-3.6527033,2021-11-23,2021,11,Nov,MER
5.699763,-3.8345437,2021-11-24,2021,11,Nov,BJU
2.8592732,-1.8140641,2021-11-25,2021,11,Nov,UAX
1.726082,-0.7876218,2021-11-27,2021,11,Nov,BJU
-0.16031465,-1.4686487,2021-11-28,2021,11,Nov,MER
1.2375648,-1.9768139,2021-11-29,2021,11,Nov,UAX
4.9990444,-3.4261065,2021-11-30,2021,11,Nov,UAX
4.3347983,-3.7163377,2021-12-02,2021,12,Dic,UAX
8.312159,-3.138734,2021-12-03,2021,12,Dic,BJU
0.4962732,-0.67881054,2021-12-05,2021,12,Dic,BJU
3.6747177,-0.8121069,2021-12-06,2021,12,Dic,MER
3.3590868,-1.4990228,2021-12-07,2021,12,Dic,BJU
4.313509,0.6869393,2021-12-08,2021,12,Dic,BJU
6.4027133,2.7452273,2021-12-09,2021,12,Dic,BJU
3.1929247,1.7060273,2021-12-10,2021,12,Dic,BJU
2.265292,0.5002741,2021-12-11,2021,12,Dic,BJU
0.80225044,-1.9645566,2021-12-12,2021,12,Dic,UAX
3.3681123,-2.3815014,2021-12-13,2021,12,Dic,BJU
4.1063037,-2.4005475,2021-12-14,2021,12,Dic,UAX
4.094482,-1.1169375,2021-12-15,2021,12,Dic,BJU
3.2004573,0.28713125,2021-12-16,2021,12,Dic,BJU
6.279917,-2.0864675,2021-12-17,2021,12,Dic,UAX
3.3399065,-2.4398735,2022-01-15,2022,1,Ene,UAX
3.3274791,-3.1314983,2022-01-16,2022,1,Ene,UAX
1.829306,-2.4125693,2022-01-17,2022,1,Ene,BJU
3.4266703,-1.7060264,2022-01-18,2022,1,Ene,BJU
2.332551,-0.78242,2022-01-19,2022,1,Ene,BJU
1.6479355,-1.4997321,2022-01-20,2022,1,Ene,UAX
1.0642421,-4.4444976,2022-01-21,2022,1,Ene,MER
1.0090048,-3.6431863,2022-01-22,2022,1,Ene,MER
0.86590844,-2.2544153,2022-01-23,2022,1,Ene,MER
2.0075638,-4.040835,2022-01-24,2022,1,Ene,UAX
2.52177,-3.9202924,2022-01-25,2022,1,Ene,UAX
2.1575582,-3.0556219,2022-01-26,2022,1,Ene,UAX
1.4412527,-1.7058567,2022-01-27,2022,1,Ene,MER
2.090142,-2.2184856,2022-01-28,2022,1,Ene,UAX
0.6114083,-2.870623,2022-01-29,2022,1,Ene,UAX
0.96944416,-1.2645692,2022-01-30,2022,1,Ene,BJU
2.48028,-4.3823237,2022-01-31,2022,1,Ene,BJU
2.3582153,-4.481454,2022-02-01,2022,2,Feb,UAX
1.4386504,-3.3227355,2022-02-02,2022,2,Feb,UAX
1.9683187,-4.079303,2022-02-03,2022,2,Feb,UAX
2.1792014,-4.047095,2022-02-04,2022,2,Feb,UAX
2.5152254,-2.4711978,2022-02-05,2022,2,Feb,UAX
0.86896455,-1.4126649,2022-02-06,2022,2,Feb,MER
2.5952194,-2.950177,2022-02-07,2022,2,Feb,BJU
2.9016886,-3.537069,2022-02-08,2022,2,Feb,BJU
2.4999442,-3.7297335,2022-02-09,2022,2,Feb,UAX
2.6619587,-4.0717163,2022-02-10,2022,2,Feb,UAX
2.3936543,-4.462421,2022-02-11,2022,2,Feb,UAX
2.1760876,-3.662382,2022-02-12,2022,2,Feb,MER
0.83100086,-4.1951537,2022-02-13,2022,2,Feb,MER
2.6618059,-2.080518,2022-02-14,2022,2,Feb,UAX
2.3793976,-2.1090388,2022-02-15,2022,2,Feb,UAX
1.5137161,-3.053987,2022-02-16,2022,2,Feb,UAX
1.2831662,-0.96520716,2022-02-17,2022,2,Feb,UAX
1.1128359,0.4153242,2022-02-18,2022,2,Feb,UAX
0.18842383,-0.44297364,2022-02-19,2022,2,Feb,MER
-0.0069125826,-1.8738393,2022-02-20,2022,2,Feb,BJU
0.7073518,-1.2322369,2022-02-21,2022,2,Feb,BJU
0.4746056,-0.055433407,2022-02-22,2022,2,Feb,BJU
0.8695517,-1.215896,2022-02-23,2022,2,Feb,UAX
1.5659639,-1.3741622,2022-02-24,2022,2,Feb,BJU
0.09803944,-0.8176308,2022-02-25,2022,2,Feb,UAX
0.42150235,-2.2338405,2022-02-26,2022,2,Feb,MER
0.90667385,-2.6973395,2022-02-27,2022,2,Feb,MER
2.2415442,-2.999604,2022-02-28,2022,2,Feb,BJU
2.4494903,-1.8227061,2022-03-01,2022,3,Mar,UAX
-0.096289225,-0.6494262,2022-03-02,2022,3,Mar,BJU
0.9072006,-0.7161107,2022-03-03,2022,3,Mar,MER
0.877798,-0.97405607,2022-03-04,2022,3,Mar,UAX
1.5626335,-2.6289616,2022-03-05,2022,3,Mar,MER
0.07709194,-2.2849123,2022-03-06,2022,3,Mar,UAX
0.07768989,-2.716352,2022-03-07,2022,3,Mar,BJU
1.4414752,-4.1274004,2022-03-08,2022,3,Mar,UAX
1.869572,-4.4832106,2022-03-09,2022,3,Mar,UAX
1.7706486,-0.78525215,2022-03-16,2022,3,Mar,BJU
2.1544216,-2.6262097,2022-03-17,2022,3,Mar,BJU
0.972276,-2.4945705,2022-03-18,2022,3,Mar,UAX
1.2322866,-3.0021932,2022-03-19,2022,3,Mar,MER
0.46064603,-4.0994377,2022-03-20,2022,3,Mar,MER
0.45688736,-6.142868,2022-03-21,2022,3,Mar,BJU
0.8032588,-3.080365,2022-03-22,2022,3,Mar,UAX
1.4834564,-2.259231,2022-03-23,2022,3,Mar,MER
-0.036853604,-2.5287013,2022-03-24,2022,3,Mar,UAX
-0.28766984,-1.2314614,2022-03-25,2022,3,Mar,UAX
0.048149712,-1.9045683,2022-03-26,2022,3,Mar,MER
-0.17005469,-1.3114657,2022-03-27,2022,3,Mar,BJU
-1.2261629,-2.0339575,2022-04-02,2022,4,Abr,MER
-1.6573263,-4.058884,2022-04-03,2022,4,Abr,BJU
-0.4554268,-2.7385106,2022-04-04,2022,4,Abr,MER
0.0519299,-3.0481365,2022-04-05,2022,4,Abr,UAX
0.5401286,0.0145281255,2022-04-06,2022,4,Abr,BJU
-1.9326755,-5.6514473,2022-04-07,2022,4,Abr,BJU
3.2122467,-0.27008146,2022-04-08,2022,4,Abr,UAX
0.68169963,0.20745789,2022-04-09,2022,4,Abr,UAX
0.3572873,-1.6898825,2022-04-10,2022,4,Abr,MER
0.6638465,-1.3261676,2022-04-11,2022,4,Abr,MER
0.24295044,-3.8108268,2022-04-12,2022,4,Abr,UAX
-0.14724159,-1.9750745,2022-04-13,2022,4,Abr,UAX
-0.8607626,-3.2240033,2022-04-14,2022,4,Abr,MER
-1.2662289,-6.2835135,2022-04-15,2022,4,Abr,UAX
-0.87942255,-5.5987663,2022-04-16,2022,4,Abr,BJU
-0.31980336,-3.519076,2022-04-17,2022,4,Abr,BJU
-0.1376772,-2.6131387,2022-04-18,2022,4,Abr,UAX
-0.2658322,-5.1403637,2022-04-19,2022,4,Abr,BJU
-0.51484454,-4.472246,2022-04-20,2022,4,Abr,BJU
-1.1396648,-3.9788125,2022-04-21,2022,4,Abr,BJU
0.08547271,-3.7870095,2022-04-22,2022,4,Abr,BJU
0.09461022,-2.7331042,2022-04-23,2022,4,Abr,UAX
-0.13605654,-3.6016011,2022-04-24,2022,4,Abr,UAX
2.852502,-2.1754453,2022-04-25,2022,4,Abr,BJU
-0.33966184,-1.723548,2022-04-28,2022,4,Abr,MER
-1.3000305,-2.331081,2022-04-29,2022,4,Abr,BJU
-0.5903985,-2.8964856,2022-04-30,2022,4,Abr,MER
-0.84639657,-5.955057,2022-05-01,2022,5,May,UAX
-1.6320196,-4.804129,2022-05-02,2022,5,May,UAX
-1.9530421,-3.8481805,2022-05-03,2022,5,May,BJU
-1.6385734,-2.9265041,2022-05-04,2022,5,May,BJU
-1.8352848,-3.2826915,2022-05-05,2022,5,May,BJU
-1.1773576,-2.7966418,2022-05-06,2022,5,May,MER
-1.083963,-4.3568287,2022-05-07,2022,5,May,BJU
-0.91085273,-4.6571245,2022-05-08,2022,5,May,UAX
-1.1754949,-2.094923,2022-05-09,2022,5,May,BJU
0.31099945,-3.3028913,2022-05-10,2022,5,May,UAX
0.3138336,-6.6938663,2022-05-11,2022,5,May,MER
0.0029617613,-5.420287,2022-05-12,2022,5,May,MER
-0.30991292,-4.0434513,2022-05-13,2022,5,May,UAX
-0.02446162,-2.626963,2022-05-14,2022,5,May,MER
-0.35606158,-4.6789975,2022-05-15,2022,5,May,MER
0.10055942,-2.76232,2022-05-16,2022,5,May,UAX
-0.567681,-2.6302156,2022-05-17,2022,5,May,UAX
-0.73523456,-1.4196919,2022-05-18,2022,5,May,BJU
-1.6659467,-5.3149467,2022-05-19,2022,5,May,MER
-2.6055813,-4.7655654,2022-05-20,2022,5,May,BJU
-2.7994418,-4.903558,2022-05-21,2022,5,May,MER
-0.7850554,-3.2669127,2022-05-22,2022,5,May,UAX
-0.2378692,-2.6875274,2022-05-23,2022,5,May,UAX
1.0912985,-0.02445732,2022-05-24,2022,5,May,BJU
-0.4992329,-2.732216,2022-05-25,2022,5,May,MER
0.22546655,-3.3913147,2022-05-26,2022,5,May,BJU
0.43417645,-6.01588,2022-05-27,2022,5,May,MER
0.6994345,-5.834329,2022-05-28,2022,5,May,MER
-0.3067608,-6.660713,2022-05-29,2022,5,May,MER
-0.3333224,-5.9787393,2022-05-30,2022,5,May,MER
-0.07146823,-3.9608312,2022-05-31,2022,5,May,MER
1.0439895,-4.0567827,2022-06-01,2022,6,Jun,BJU
0.7566316,-6.39247,2022-06-02,2022,6,Jun,MER
0.11097217,-5.117042,2022-06-03,2022,6,Jun,BJU
0.048559375,-3.2145658,2022-06-04,2022,6,Jun,BJU
0.19697464,-4.006159,2022-06-05,2022,6,Jun,MER
0.343282,-1.6739798,2022-06-06,2022,6,Jun,UAX
-1.1043093,-1.7867469,2022-06-07,2022,6,Jun,MER
0.7088701,-2.4181721,2022-06-11,2022,6,Jun,MER
0.5717176,-5.4847045,2022-06-12,2022,6,Jun,MER
1.9957739,-2.5885892,2022-06-13,2022,6,Jun,UAX
2.029587,-3.345684,2022-06-14,2022,6,Jun,MER
2.8970087,-4.2066374,2022-06-15,2022,6,Jun,MER
2.2090538,-4.6884336,2022-06-16,2022,6,Jun,UAX
1.3996663,-3.2125258,2022-06-17,2022,6,Jun,BJU
0.7562051,-4.025224,2022-06-18,2022,6,Jun,MER
2.1584861,-5.039859,2022-06-19,2022,6,Jun,MER
1.0499734,-4.3269644,2022-06-20,2022,6,Jun,BJU
2.8471203,-5.236745,2022-06-21,2022,6,Jun,MER
2.5421057,-4.601695,2022-06-22,2022,6,Jun,MER
2.0208738,-4.781819,2022-06-23,2022,6,Jun,MER
1.8495331,-3.8683677,2022-06-24,2022,6,Jun,MER
0.2354902,-2.52138,2022-06-25,2022,6,Jun,MER
-0.2317208,-5.1768155,2022-06-26,2022,6,Jun,MER
1.6874205,-4.522015,2022-06-27,2022,6,Jun,MER
2.9800222,-3.9870026,2022-06-28,2022,6,Jun,UAX
0.77259016,-3.8591027,2022-06-29,2022,6,Jun,MER
-0.6180005,-4.603178,2022-06-30,2022,6,Jun,MER
0.2298141,-1.1275008,2022-07-01,2022,7,Jul,BJU
0.17872244,-3.0341845,2022-07-02,2022,7,Jul,BJU
-0.02985584,-6.9830785,2022-07-03,2022,7,Jul,MER
1.8377815,-5.1412287,2022-07-04,2022,7,Jul,MER
2.6233146,-3.8061345,2022-07-05,2022,7,Jul,MER
0.646671,-2.6835544,2022-07-06,2022,7,Jul,MER
1.7717391,-3.565919,2022-07-07,2022,7,Jul,MER
0.86402726,-2.8869379,2022-07-08,2022,7,Jul,MER
1.6538023,-4.2278476,2022-07-09,2022,7,Jul,MER
0.53351486,-6.012382,2022-07-10,2022,7,Jul,MER
0.7968573,-3.604561,2022-07-11,2022,7,Jul,UAX
0.15918523,-2.7581897,2022-07-12,2022,7,Jul,UAX
0.32248318,-3.8613353,2022-07-13,2022,7,Jul,MER
0.25369978,-2.6154885,2022-07-14,2022,7,Jul,BJU
2.2134604,-3.7548845,2022-07-15,2022,7,Jul,MER
2.005333,-4.692201,2022-07-16,2022,7,Jul,MER
0.9003402,-4.925902,2022-07-17,2022,7,Jul,MER
5.0809374,-2.3758588,2022-07-18,2022,7,Jul,UAX
0.3353494,-1.8973763,2022-07-19,2022,7,Jul,UAX
0.7198123,-1.3969892,2022-07-20,2022,7,Jul,UAX
0.15635383,-3.328476,2022-07-21,2022,7,Jul,BJU
0.5048642,-2.3967576,2022-07-22,2022,7,Jul,BJU
0.7821667,-5.0756955,2022-07-23,2022,7,Jul,BJU
1.0996948,-4.551023,2022-07-24,2022,7,Jul,MER
1.9572378,-4.160399,2022-07-25,2022,7,Jul,MER
2.1518795,-4.993151,2022-09-01,2022,9,Sep,MER
2.0648084,-5.423158,2022-09-02,2022,9,Sep,MER
2.4504943,-6.125251,2022-09-03,2022,9,Sep,UAX
2.159585,-5.504764,2022-09-04,2022,9,Sep,MER
3.175564,-6.3080907,2022-09-05,2022,9,Sep,UAX
4.522354,-3.2870371,2022-09-06,2022,9,Sep,UAX
5.942254,-4.901648,2022-09-07,2022,9,Sep,UAX
3.2501972,-5.164155,2022-09-08,2022,9,Sep,MER
0.58289313,-1.1718079,2022-09-09,2022,9,Sep,UAX
0.6166059,-1.6094803,2022-09-10,2022,9,Sep,BJU
0.3455838,-6.387792,2022-09-11,2022,9,Sep,BJU
0.78527427,-4.2837005,2022-09-12,2022,9,Sep,BJU
1.1708878,-3.629239,2022-09-13,2022,9,Sep,MER
1.5687895,-3.8758934,2022-09-14,2022,9,Sep,BJU
3.1030369,-4.9328523,2022-09-15,2022,9,Sep,MER
2.5212274,-6.3361406,2022-09-16,2022,9,Sep,MER
2.276075,-4.637837,2022-09-17,2022,9,Sep,BJU
2.8732014,-4.8718514,2022-09-18,2022,9,Sep,UAX
4.6224666,-4.6923485,2022-09-19,2022,9,Sep,UAX
2.3961835,-4.4768834,2022-09-20,2022,9,Sep,BJU
1.2205147,-4.2568746,2022-09-21,2022,9,Sep,MER
1.3951119,-5.1161947,2022-09-22,2022,9,Sep,MER
2.1285748,-4.7250133,2022-09-23,2022,9,Sep,BJU
1.531184,-2.8665228,2022-09-24,2022,9,Sep,BJU
1.981747,-4.3234835,2022-09-25,2022,9,Sep,BJU
2.4004686,-5.549216,2022-09-26,2022,9,Sep,MER
2.441348,-4.9198585,2022-09-27,2022,9,Sep,UAX
1.7922584,-2.6846578,2022-10-20,2022,10,Oct,BJU
5.735369,-2.8477135,2022-10-21,2022,10,Oct,MER
1.6478199,-1.1963567,2022-10-22,2022,10,Oct,MER
0.45487565,-2.191978,2022-10-23,2022,10,Oct,UAX
-0.10035261,-1.0053533,2022-10-24,2022,10,Oct,BJU
1.1045338,-0.961992,2022-10-25,2022,10,Oct,MER
2.5887492,-0.38655394,2022-10-26,2022,10,Oct,BJU
2.9532735,-0.5942202,2022-10-27,2022,10,Oct,BJU
2.0241752,-0.6195344,2022-10-28,2022,10,Oct,MER
0.54008496,-2.377737,2022-10-29,2022,10,Oct,BJU
-0.005877369,-3.6443605,2022-10-30,2022,10,Oct,BJU
1.159722,-1.9721551,2022-10-31,2022,10,Oct,BJU
1.4521948,-1.5547336,2022-11-01,2022,11,Nov,BJU
0.9395522,-4.5263414,2022-11-02,2022,11,Nov,BJU
4.507729,-2.1493032,2022-11-03,2022,11,Nov,BJU
3.4062645,-1.7756579,2022-11-04,2022,11,Nov,MER
0.83309233,-0.1929303,2022-11-05,2022,11,Nov,MER
0.06013765,-0.9907749,2022-11-06,2022,11,Nov,UAX
3.310548,-3.1037734,2022-11-07,2022,11,Nov,MER
1.762134,-4.5996337,2022-11-08,2022,11,Nov,MER
2.0908737,-3.1522467,2022-11-09,2022,11,Nov,UAX
3.9409342,-2.5898716,2022-11-10,2022,11,Nov,UAX
3.1246278,-1.9775985,2022-11-17,2022,11,Nov,BJU
2.2931333,-2.5769145,2022-11-18,2022,11,Nov,UAX
2.4290876,-2.1179485,2022-11-19,2022,11,Nov,MER
3.303231,-4.293084,2022-11-20,2022,11,Nov,UAX
2.329695,-4.0644536,2022-11-21,2022,11,Nov,UAX
4.6531982,-3.0485897,2022-11-22,2022,11,Nov,BJU
8.00174,-1.5629653,2022-11-24,2022,11,Nov,BJU
4.0279994,-3.0787005,2022-11-25,2022,11,Nov,BJU
2.9795516,-3.1973007,2022-11-26,2022,11,Nov,BJU
5.1862044,-2.453319,2022-11-27,2022,11,Nov,UAX
5.9833827,-2.4933019,2022-11-28,2022,11,Nov,MER
8.428383,-0.71352774,2022-11-29,2022,11,Nov,BJU
4.974255,-3.6103435,2022-11-30,2022,11,Nov,UAX
2.581559,-3.850942,2022-12-01,2022,12,Dic,UAX
3.0352182,-2.6104782,2022-12-02,2022,12,Dic,BJU
4.071112,-4.2553887,2022-12-03,2022,12,Dic,UAX
2.329043,-3.2148254,2022-12-04,2022,12,Dic,UAX
6.355184,-2.2126095,2022-12-07,2022,12,Dic,BJU
5.054978,-2.1402905,2022-12-08,2022,12,Dic,BJU
5.6433034,-2.4308097,2022-12-09,2022,12,Dic,UAX
3.4920633,-1.907423,2022-12-10,2022,12,Dic,BJU
2.1525333,-2.1366053,2022-12-11,2022,12,Dic,MER
3.9176857,-1.3922312,2022-12-12,2022,12,Dic,MER
3.7439191,-1.703816,2022-12-13,2022,12,Dic,BJU
3.0106351,-1.7748207,2022-12-14,2022,12,Dic,MER
4.976422,-1.6708033,2022-12-15,2022,12,Dic,MER
6.7033186,-0.8317886,2022-12-16,2022,12,Dic,BJU
2.1888068,-0.34565872,2022-12-17,2022,12,Dic,MER
4.1098256,-0.99493295,2022-12-18,2022,12,Dic,BJU
4.383267,-0.71312684,2022-12-19,2022,12,Dic,BJU
6.3204327,-1.114751,2022-12-20,2022,12,Dic,BJU
4.4506717,-3.3690825,2022-12-21,2022,12,Dic,UAX
7.03203,-0.50262076,2022-12-22,2022,12,Dic,UAX
0.4089542,-0.8403397,2022-12-23,2022,12,Dic,MER
4.0832396,-2.7498212,2022-12-24,2022,12,Dic,MER
3.142156,-2.6511564,2023-01-05,2023,1,Ene,UAX
3.9495952,-2.0566223,2023-01-06,2023,1,Ene,BJU
3.973344,-1.5619962,2023-01-07,2023,1,Ene,BJU
2.096584,-1.4449991,2023-01-08,2023,1,Ene,MER
3.1377332,-1.1554968,2023-01-09,2023,1,Ene,BJU
5.1888976,-0.92708653,2023-01-10,2023,1,Ene,UAX
4.879811,-1.1575423,2023-01-11,2023,1,Ene,BJU
3.8435326,-1.3721035,2023-01-12,2023,1,Ene,MER
0.900283,-2.3637018,2023-01-13,2023,1,Ene,UAX
4.8238225,-1.813716,2023-01-14,2023,1,Ene,BJU
1.3070724,0.31596595,2023-01-15,2023,1,Ene,MER
2.2936096,1.2010013,2023-01-16,2023,1,Ene,BJU
2.7319167,0.001430139,2023-01-17,2023,1,Ene,BJU
5.285274,-0.76115745,2023-01-18,2023,1,Ene,MER
5.3699403,-0.034622267,2023-01-19,2023,1,Ene,MER
5.7387996,-0.14078505,2023-01-20,2023,1,Ene,BJU
0.86488014,-1.4482368,2023-01-21,2023,1,Ene,MER
0.33620185,-2.5969386,2023-01-22,2023,1,Ene,MER
2.0120742,-3.6214845,2023-01-23,2023,1,Ene,UAX
2.25035,-3.078054,2023-01-24,2023,1,Ene,BJU
0.732092,-1.4815198,2023-02-09,2023,2,Feb,MER
2.2697823,-1.6614995,2023-02-10,2023,2,Feb,UAX
0.7847338,-2.5304532,2023-02-11,2023,2,Feb,BJU
0.094158806,-1.8543593,2023-02-12,2023,2,Feb,MER
1.2941447,-1.1223881,2023-02-13,2023,2,Feb,MER
2.203967,-2.8022346,2023-02-14,2023,2,Feb,BJU
1.3969591,-2.1360526,2023-02-15,2023,2,Feb,BJU
2.9535327,-1.1142374,2023-02-16,2023,2,Feb,BJU
1.051223,-0.5325286,2023-02-17,2023,2,Feb,UAX
1.160413,-2.1052995,2023-02-18,2023,2,Feb,BJU
2.4574077,-3.6436768,2023-02-19,2023,2,Feb,MER
2.3285644,-0.85955745,2023-02-20,2023,2,Feb,MER
0.55259717,-1.272517,2023-02-21,2023,2,Feb,BJU
1.2635394,-2.950459,2023-02-22,2023,2,Feb,UAX
1.6100477,0.7285394,2023-02-23,2023,2,Feb,BJU
2.078945,0.44870383,2023-02-24,2023,2,Feb,UAX
2.073071,-2.937873,2023-02-25,2023,2,Feb,BJU
3.239793,-2.8744528,2023-02-26,2023,2,Feb,BJU
2.315222,-0.91363317,2023-02-27,2023,2,Feb,BJU
1.7819754,-1.1042875,2023-02-28,2023,2,Feb,BJU
3.0346158,-0.69328004,2023-03-01,2023,3,Mar,BJU
2.454897,-1.9008784,2023-03-02,2023,3,Mar,MER
1.3614492,-1.707968,2023-03-03,2023,3,Mar,BJU
0.42912552,-1.0586165,2023-03-04,2023,3,Mar,BJU
-0.36076277,-1.4160626,2023-03-05,2023,3,Mar,UAX
0.80606,-0.9221242,2023-03-06,2023,3,Mar,UAX
2.506506,-1.515612,2023-03-07,2023,3,Mar,MER
3.0402055,-1.5815828,2023-03-08,2023,3,Mar,UAX
2.3457649,-1.5656208,2023-03-09,2023,3,Mar,MER
3.9620426,-1.5791911,2023-03-10,2023,3,Mar,UAX
0.8314042,-0.7310556,2023-03-11,2023,3,Mar,BJU
1.689128,-2.0476696,2023-03-12,2023,3,Mar,MER
2.5455966,-2.6209998,2023-03-13,2023,3,Mar,BJU
3.3650713,-2.7821245,2023-03-14,2023,3,Mar,MER
-0.34563917,-0.91997397,2023-03-29,2023,3,Mar,UAX
1.8666927,-0.9213379,2023-03-30,2023,3,Mar,MER
-0.8083669,-1.3616006,2023-03-31,2023,3,Mar,UAX
-0.032891862,-1.5027199,2023-04-01,2023,4,Abr,UAX
-0.4783073,-4.0565395,2023-04-02,2023,4,Abr,BJU
-0.89176774,-1.5414588,2023-04-03,2023,4,Abr,UAX
0.73546165,0.14815785,2023-04-04,2023,4,Abr,MER
1.5615664,-0.5990889,2023-04-05,2023,4,Abr,MER
-0.1434598,-5.5033116,2023-04-06,2023,4,Abr,BJU
0.8438536,-5.7041893,2023-04-07,2023,4,Abr,MER
0.39214754,-3.9402692,2023-04-08,2023,4,Abr,BJU
0.32657444,-4.2062554,2023-04-09,2023,4,Abr,BJU
1.6482251,-2.510856,2023-04-10,2023,4,Abr,BJU
2.0171885,-3.6558416,2023-04-11,2023,4,Abr,MER
1.1888744,-2.559139,2023-04-12,2023,4,Abr,BJU
1.1643527,-2.8081849,2023-04-13,2023,4,Abr,UAX
1.1769953,-2.5136256,2023-04-14,2023,4,Abr,UAX
0.8889148,-1.5372089,2023-04-15,2023,4,Abr,UAX
-0.064239375,-5.481839,2023-04-16,2023,4,Abr,BJU
0.5388388,-1.9506936,2023-04-17,2023,4,Abr,UAX
0.8003737,-1.8508359,2023-04-18,2023,4,Abr,BJU
1.5406479,-1.3207897,2023-04-19,2023,4,Abr,BJU
0.042436145,-0.81944424,2023-04-20,2023,4,Abr,MER
1.8107644,-2.3159041,2023-04-21,2023,4,Abr,BJU
0.44641966,-3.3314667,2023-04-22,2023,4,Abr,UAX
1.1596124,-3.3345532,2023-04-23,2023,4,Abr,UAX
0.41847014,-4.1306467,2023-04-24,2023,4,Abr,BJU
0.7615024,-4.4249234,2023-04-25,2023,4,Abr,UAX
0.37180203,-1.4430056,2023-04-26,2023,4,Abr,BJU
2.3419402,-1.0926718,2023-04-27,2023,4,Abr,MER
-0.3618933,-2.7187228,2023-04-28,2023,4,Abr,MER
0.2605074,-1.0190055,2023-04-29,2023,4,Abr,BJU
0.2593457,-3.4354634,2023-04-30,2023,4,Abr,BJU
0.44593894,-4.403073,2023-05-01,2023,5,May,UAX
0.4037341,-3.1562982,2023-05-02,2023,5,May,UAX
2.5067437,-2.0958164,2023-05-03,2023,5,May,UAX
-0.96660435,-3.6849134,2023-05-04,2023,5,May,UAX
0.363204,0.031904534,2023-05-05,2023,5,May,UAX
-0.27891073,-0.63462764,2023-05-06,2023,5,May,UAX
-0.08633863,-3.572657,2023-05-07,2023,5,May,BJU
1.5653535,-2.461705,2023-05-08,2023,5,May,BJU
2.9232414,-2.1493921,2023-05-09,2023,5,May,BJU
2.3749275,-1.808402,2023-05-10,2023,5,May,BJU
2.884227,-1.5217396,2023-05-11,2023,5,May,BJU
2.8647802,-0.23413427,2023-05-12,2023,5,May,BJU
2.1202102,-1.809092,2023-05-13,2023,5,May,MER
3.3267279,-3.0418012,2023-05-14,2023,5,May,MER
3.8076453,-1.7740183,2023-05-16,2023,5,May,BJU
1.2729945,-0.4476912,2023-05-17,2023,5,May,BJU
0.09499327,-1.3763317,2023-05-18,2023,5,May,MER
0.24533284,-0.48624408,2023-05-19,2023,5,May,MER
1.8445255,-1.7889279,2023-05-20,2023,5,May,MER
0.36447573,-4.6046505,2023-05-21,2023,5,May,UAX
0.5786483,-1.1988062,2023-05-22,2023,5,May,BJU
4.1295104,-0.97285396,2023-05-23,2023,5,May,UAX
-0.64849854,-4.5414844,2023-05-31,2023,5,May,UAX
-1.0149169,-5.278503,2023-06-01,2023,6,Jun,UAX
-0.89948547,-3.45041,2023-06-02,2023,6,Jun,UAX
-0.14332545,-2.2083693,2023-06-03,2023,6,Jun,MER
0.31004465,-6.2156634,2023-06-04,2023,6,Jun,UAX
0.13732457,-2.2138422,2023-06-05,2023,6,Jun,UAX
-0.10697096,-3.2621322,2023-06-06,2023,6,Jun,BJU
1.606885,-0.60379475,2023-06-07,2023,6,Jun,MER
4.096405,-1.7346703,2023-06-08,2023,6,Jun,BJU
-0.1740235,-1.3041264,2023-06-09,2023,6,Jun,MER
-0.56912404,-1.739302,2023-06-10,2023,6,Jun,MER
-0.23399636,-1.7737675,2023-06-11,2023,6,Jun,MER
1.6461372,-1.9633433,2023-06-12,2023,6,Jun,UAX
-0.2832723,-1.6524183,2023-06-13,2023,6,Jun,UAX
-0.57992005,-3.6028922,2023-06-14,2023,6,Jun,UAX
0.30102706,-4.050761,2023-06-17,2023,6,Jun,BJU
0.14183056,-4.219872,2023-06-18,2023,6,Jun,BJU
0.3185308,-3.71903,2023-06-19,2023,6,Jun,UAX
0.66595376,-2.0336478,2023-06-20,2023,6,Jun,UAX
0.5290565,-3.3531365,2023-06-21,2023,6,Jun,UAX
0.8427284,-3.1315312,2023-06-22,2023,6,Jun,BJU
0.68122995,-4.8055215,2023-06-23,2023,6,Jun,BJU
1.183764,-5.2507257,2023-06-24,2023,6,Jun,BJU
1.4084383,-6.942186,2023-06-25,2023,6,Jun,BJU
3.293845,-4.1258216,2023-06-26,2023,6,Jun,BJU
0.25140542,-2.520615,2023-06-27,2023,6,Jun,BJU
1.5051056,-3.0740716,2023-06-28,2023,6,Jun,BJU
3.7308452,-3.9502537,2023-06-29,2023,6,Jun,UAX
2.664466,-5.8879313,2023-06-30,2023,6,Jun,UAX
1.666777,-3.9152627,2023-07-01,2023,7,Jul,MER
0.53984153,-5.9354177,2023-07-02,2023,7,Jul,BJU
0.35266614,-2.7589788,2023-07-03,2023,7,Jul,MER
0.12020255,-3.5951772,2023-07-04,2023,7,Jul,MER
0.8467018,-3.4116266,2023-07-05,2023,7,Jul,MER
1.2397379,-3.5268297,2023-07-06,2023,7,Jul,UAX
2.3182998,-3.473446,2023-07-07,2023,7,Jul,UAX
0.75717497,-3.2686715,2023-07-08,2023,7,Jul,BJU
0.81197345,-3.4788642,2023-07-09,2023,7,Jul,MER
1.6977507,-3.7928226,2023-07-10,2023,7,Jul,UAX
1.3858987,-1.9866477,2023-07-11,2023,7,Jul,MER
1.9444151,-1.7213848,2023-07-12,2023,7,Jul,UAX
0.79056394,-2.6382282,2023-07-13,2023,7,Jul,MER
1.2684563,-3.0726926,2023-07-14,2023,7,Jul,UAX
0.457888,-3.2109938,2023-07-18,2023,7,Jul,BJU
1.0003885,-3.1939003,2023-07-19,2023,7,Jul,BJU
0.8615758,-3.8568072,2023-07-20,2023,7,Jul,BJU
1.7420399,-1.995877,2023-07-21,2023,7,Jul,MER
1.988493,-3.4025767,2023-07-22,2023,7,Jul,MER
2.0513847,-4.635477,2023-07-23,2023,7,Jul,BJU
1.8360013,-4.1258187,2023-07-24,2023,7,Jul,BJU
1.6819848,-2.5017927,2023-07-25,2023,7,Jul,UAX
2.4360943,-2.0489895,2023-07-26,2023,7,Jul,UAX
7.977507,-3.4215066,2023-07-27,2023,7,Jul,UAX
4.330745,-2.2680316,2023-07-28,2023,7,Jul,UAX
1.266677,-2.215068,2023-07-29,2023,7,Jul,UAX
2.669762,-5.1036882,2023-07-30,2023,7,Jul,BJU
2.2678847,-4.349955,2023-07-31,2023,7,Jul,UAX
1.8690932,-3.2887337,2024-02-16,2024,2,Feb,MER
2.3250148,-4.637521,2024-02-17,2024,2,Feb,BJU
2.5444071,-1.6618277,2024-02-18,2024,2,Feb,UAX
6.4563174,0.9979016,2024-02-19,2024,2,Feb,MER
7.1418023,0.1587712,2024-02-20,2024,2,Feb,UAX
7.5027385,-0.61193997,2024-02-21,2024,2,Feb,UAX
6.4299474,3.4793558,2024-02-22,2024,2,Feb,UAX
3.627119,1.9417332,2024-02-23,2024,2,Feb,UAX
-0.12108282,-0.56651425,2024-02-24,2024,2,Feb,UAX
1.0532647,-0.33697492,2024-02-25,2024,2,Feb,UAX
4.6468434,-1.0504388,2024-02-26,2024,2,Feb,UAX
1.5276163,0.736474,2024-02-27,2024,2,Feb,BJU
-0.85506296,-1.4201368,2024-02-28,2024,2,Feb,BJU
-0.3947611,-3.249608,2024-02-29,2024,2,Feb,BJU
0.5528048,-0.38886762,2024-03-01,2024,3,Mar,MER
-0.16615543,-1.3963202,2024-03-02,2024,3,Mar,MER
-0.08105009,-2.6877227,2024-03-03,2024,3,Mar,UAX
0.37838948,-1.204857,2024-03-04,2024,3,Mar,UAX
0.027618013,-0.4295144,2024-03-06,2024,3,Mar,BJU
0.23104167,-2.4922242,2024-03-07,2024,3,Mar,UAX
3.2919402,-0.2074023,2024-03-08,2024,3,Mar,MER
1.1194155,0.44847947,2024-03-09,2024,3,Mar,MER
0.41065854,-2.5364866,2024-03-10,2024,3,Mar,UAX
2.1128125,0.99386495,2024-03-27,2024,3,Mar,BJU
-0.6111383,-3.982583,2024-03-28,2024,3,Mar,BJU
-1.0134028,-4.503242,2024-03-29,2024,3,Mar,MER
-1.228488,-4.2747207,2024-03-30,2024,3,Mar,BJU
-0.72632194,-2.98142,2024-03-31,2024,3,Mar,UAX
0.5353375,-2.7659082,2024-04-01,2024,4,Abr,MER
1.7025894,-3.5143995,2024-04-03,2024,4,Abr,BJU
1.6750058,-3.179786,2024-04-04,2024,4,Abr,BJU
1.1979269,-2.2954369,2024-04-05,2024,4,Abr,UAX
0.52244246,-3.2963364,2024-04-06,2024,4,Abr,UAX
-1.4944806,-6.167868,2024-04-07,2024,4,Abr,MER
0.6175388,-2.941648,2024-04-08,2024,4,Abr,MER
0.82840395,-3.6720438,2024-04-09,2024,4,Abr,UAX
0.25457442,-4.850223,2024-04-10,2024,4,Abr,BJU
0.43352064,-2.3142486,2024-04-11,2024,4,Abr,MER
-0.4133123,-2.0191817,2024-04-12,2024,4,Abr,MER
-0.6765898,-4.176625,2024-04-13,2024,4,Abr,BJU
-1.6009024,-4.0125575,2024-04-14,2024,4,Abr,UAX
-0.8733996,-2.02772,2024-04-15,2024,4,Abr,MER
-1.6223704,-3.9729671,2024-04-16,2024,4,Abr,BJU
-1.3194737,-3.3704307,2024-04-17,2024,4,Abr,UAX
-0.31337386,-0.97989494,2024-04-18,2024,4,Abr,BJU
1.158145,0.4689172,2024-04-19,2024,4,Abr,UAX
0.18462023,-0.27153397,2024-04-20,2024,4,Abr,UAX
-0.32653785,-1.2158281,2024-04-21,2024,4,Abr,UAX
0.9642303,-0.44822073,2024-04-22,2024,4,Abr,BJU
-0.2858649,-0.6462775,2024-04-23,2024,4,Abr,UAX
-0.5556141,-0.972809,2024-04-24,2024,4,Abr,UAX
-1.3895758,-3.292773,2024-04-25,2024,4,Abr,UAX
-0.4160338,-0.8302472,2024-04-26,2024,4,Abr,UAX
-0.66860247,-1.1482086,2024-04-27,2024,4,Abr,MER
-1.0368847,-4.071712,2024-04-28,2024,4,Abr,UAX
-0.32734668,-0.681009,2024-04-29,2024,4,Abr,MER
-1.1218646,-1.8745453,2024-04-30,2024,4,Abr,BJU
-0.9098891,-5.277249,2024-05-01,2024,5,May,UAX
-0.66463435,-3.595652,2024-05-02,2024,5,May,MER
-1.4651556,-2.4602818,2024-05-04,2024,5,May,MER
-0.9154352,-4.698506,2024-05-05,2024,5,May,UAX
0.7639969,-0.15078728,2024-05-31,2024,5,May,BJU
1.4555193,-4.170688,2024-07-13,2024,7,Jul,UAX
1.6315746,-4.229405,2024-07-14,2024,7,Jul,MER
1.6361961,-1.7671697,2024-07-15,2024,7,Jul,MER
2.9149487,-1.502563,2024-07-16,2024,7,Jul,MER
0.51982623,-2.751163,2024-07-17,2024,7,Jul,UAX
1.0217105,-3.3628864,2024-07-18,2024,7,Jul,UAX
6.8971734,-2.5823946,2024-07-19,2024,7,Jul,BJU
3.1661189,-3.8712463,2024-07-20,2024,7,Jul,UAX
3.472069,-4.3525944,2024-07-22,2024,7,Jul,UAX
2.8632576,-3.5290327,2024-07-23,2024,7,Jul,UAX
3.0257657,-2.530407,2024-07-24,2024,7,Jul,BJU
0.5746333,-1.1275444,2024-07-25,2024,7,Jul,UAX
4.929793,-2.752212,2024-07-26,2024,7,Jul,BJU
4.6953664,-2.2320414,2024-07-27,2024,7,Jul,BJU
1.5975314,-1.9954033,2024-07-28,2024,7,Jul,BJU
1.6807017,-3.6097758,2024-07-29,2024,7,Jul,MER
5.2017713,-3.8454669,2024-07-30,2024,7,Jul,UAX
3.8870497,-2.5529883,2024-07-31,2024,7,Jul,UAX
1.8789517,-3.7392418,2024-08-01,2024,8,Ago,BJU
1.3753011,-2.3650796,2024-08-02,2024,8,Ago,MER
1.0447068,-2.299331,2024-08-03,2024,8,Ago,UAX
0.79092,-3.25884,2024-08-04,2024,8,Ago,MER
0.7457391,-2.4981918,2024-08-05,2024,8,Ago,UAX
0.55930805,-3.251371,2024-08-06,2024,8,Ago,UAX
0.11779661,-2.9407074,2024-08-07,2024,8,Ago,MER
0.291968,-3.00425,2024-08-08,2024,8,Ago,BJU
1.1672716,-2.0734582,2024-08-09,2024,8,Ago,UAX
1.1813926,-2.9110036,2024-08-10,2024,8,Ago,BJU
2.0844193,-3.414725,2024-08-11,2024,8,Ago,MER
2.664328,-4.3672223,2024-08-12,2024,8,Ago,UAX
1.5545825,-2.9707932,2024-08-13,2024,8,Ago,MER
0.32295945,-2.1184533,2024-08-14,2024,8,Ago,BJU
2.5596738,-3.350029,2024-08-15,2024,8,Ago,UAX
3.064565,-4.3325324,2024-08-16,2024,8,Ago,MER
1.4244385,-2.7747257,2024-08-17,2024,8,Ago,MER
1.1380969,-4.528794,2024-08-18,2024,8,Ago,MER
1.1860253,-4.046516,2024-08-19,2024,8,Ago,MER
1.2933806,-3.925312,2024-08-20,2024,8,Ago,MER
2.1477442,-3.4883552,2024-08-21,2024,8,Ago,UAX
1.4417009,-3.376252,2024-08-22,2024,8,Ago,UAX
2.4461486,-3.4315054,2024-08-23,2024,8,Ago,UAX
2.0302963,-2.4037366,2024-08-24,2024,8,Ago,UAX
1.1805539,-3.3186524,2024-08-25,2024,8,Ago,MER
1.7750182,-3.721109,2024-08-26,2024,8,Ago,MER
3.032274,-4.3184953,2024-08-27,2024,8,Ago,MER
0.67347777,-1.6918055,2024-08-28,2024,8,Ago,BJU
1.1015382,-2.773503,2024-08-29,2024,8,Ago,UAX
0.16286403,-2.2458873,2024-08-30,2024,8,Ago,UAX
1.4281698,-3.1800313,2024-08-31,2024,8,Ago,BJU
1.9066434,-4.8605056,2024-09-07,2024,9,Sep,MER
0.5397744,-6.0794663,2024-09-08,2024,9,Sep,MER
4.5178657,-1.2216535,2024-09-09,2024,9,Sep,BJU
2.7263389,-2.6388185,2024-09-10,2024,9,Sep,UAX
3.458993,-4.717137,2024-09-11,2024,9,Sep,UAX
3.4054363,-3.6703339,2024-09-12,2024,9,Sep,BJU
1.2325797,-1.5836672,2024-09-13,2024,9,Sep,MER
-0.27499884,-2.2954054,2024-09-14,2024,9,Sep,BJU
0.29434288,-3.7050893,2024-09-15,2024,9,Sep,UAX
-0.101253085,-2.3429022,2024-09-16,2024,9,Sep,BJU
2.2937915,-1.0735277,2024-09-17,2024,9,Sep,BJU
1.4785128,-0.90485317,2024-09-18,2024,9,Sep,BJU
1.0139201,-1.1511697,2024-09-19,2024,9,Sep,BJU
1.1399723,-2.5029256,2024-09-20,2024,9,Sep,MER
0.71796346,-1.080456,2024-10-30,2024,10,Oct,MER
1.9760174,-2.67411,2024-10-31,2024,10,Oct,UAX
1.8229591,-3.8384466,2024-11-01,2024,11,Nov,BJU
1.0602866,-4.213786,2024-11-02,2024,11,Nov,BJU
1.0161889,-1.1701993,2024-11-03,2024,11,Nov,UAX
1.7319156,-2.0771291,2024-11-04,2024,11,Nov,MER
1.6154796,-1.5127012,2024-11-05,2024,11,Nov,UAX
2.3891056,-1.1883769,2024-11-06,2024,11,Nov,MER
3.2985003,-1.4412508,2024-11-07,2024,11,Nov,MER
2.043658,-4.0156875,2024-11-14,2024,11,Nov,BJU
4.8183227,-1.1795008,2024-11-15,2024,11,Nov,BJU
3.1982377,1.1651272,2024-11-16,2024,11,Nov,BJU
1.5949861,-1.1469399,2024-11-17,2024,11,Nov,MER
1.2182761,-2.1366239,2024-11-18,2024,11,Nov,BJU
2.8660774,-1.9463398,2024-11-19,2024,11,Nov,BJU
4.5134625,-4.845203,2024-11-20,2024,11,Nov,UAX
2.1827571,-2.5528128,2024-11-21,2024,11,Nov,UAX
5.1132207,-2.677576,2024-11-22,2024,11,Nov,UAX
7.004824,-2.0257773,2024-11-23,2024,11,Nov,UAX
5.055465,-1.1733468,2024-11-24,2024,11,Nov,UAX
5.958168,-1.9444586,2024-11-25,2024,11,Nov,UAX
7.3745885,-2.5703847,2024-11-26,2024,11,Nov,UAX
9.764731,0.18981926,2024-11-27,2024,11,Nov,MER
9.718431,0.7235088,2024-11-28,2024,11,Nov,BJU
6.965759,0.29115456,2024-11-29,2024,11,Nov,UAX
5.1160436,-1.4385914,2024-11-30,2024,11,Nov,UAX
5.2442284,-2.8015857,2024-12-01,2024,12,Dic,UAX
4.3297367,-2.8033772,2024-12-02,2024,12,Dic,UAX
3.8734133,-3.6465514,2024-12-03,2024,12,Dic,UAX
5.976353,-1.4143934,2024-12-04,2024,12,Dic,MER
5.176849,-0.4405952,2024-12-05,2024,12,Dic,MER
5.393198,-2.5406594,2024-12-08,2024,12,Dic,UAX
9.172944,0.61175674,2024-12-09,2024,12,Dic,UAX
8.164493,0.55542153,2024-12-10,2024,12,Dic,BJU
0.8889227,-2.2390835,2024-12-11,2024,12,Dic,BJU
